全国地方公共団体コード,ID,地方公共団体名,種別,所在地_全国地方公共団体コード,町字ID,所在地_連結表記,所在地_都道府県,所在地_市区町村,所在地_町字,所在地_番地以下,建物名等(方書),緯度,経度,口径,備考
034029,,岩手県西磐井郡平泉町,消火栓,034029,,岩手県西磐井郡平泉町平泉字泉屋14番地,岩手県,西磐井郡平泉町,平泉字泉屋,14番地,,38.9863464631357,141.1165229289340,,1-1
034029,,岩手県西磐井郡平泉町,消火栓,034029,,岩手県西磐井郡平泉町平泉字志羅山,岩手県,西磐井郡平泉町,平泉字志羅山,,,38.9874723199752,141.1159456381540,,1-2
034029,,岩手県西磐井郡平泉町,消火栓,034029,,岩手県西磐井郡平泉町平泉字志羅山3番地,岩手県,西磐井郡平泉町,平泉字志羅山,3番地,,38.9885159157107,141.1160787797050,,1-3
034029,,岩手県西磐井郡平泉町,消火栓,034029,,岩手県西磐井郡平泉町平泉字泉屋75番地,岩手県,西磐井郡平泉町,平泉字泉屋,75番地,,38.9884335223182,141.1167662496600,,1-4
034029,,岩手県西磐井郡平泉町,消火栓,034029,,岩手県西磐井郡平泉町平泉字鈴沢10番地3,岩手県,西磐井郡平泉町,平泉字鈴沢,10番地3,,38.9895996066863,141.1168683263880,,1-5
034029,,岩手県西磐井郡平泉町,消火栓,034029,,岩手県西磐井郡平泉町平泉字鈴沢7番地2,岩手県,西磐井郡平泉町,平泉字鈴沢,7番地2,,38.9898078976289,141.1161390445730,,1-6
034029,,岩手県西磐井郡平泉町,消火栓,034029,,岩手県西磐井郡平泉町平泉字泉屋51番地,岩手県,西磐井郡平泉町,平泉字泉屋,51番地,,38.9871004723253,141.1188081668600,,1-7
034029,,岩手県西磐井郡平泉町,消火栓,034029,,岩手県西磐井郡平泉町平泉字泉屋99番地3,岩手県,西磐井郡平泉町,平泉字泉屋,99番地3,,38.9898329792004,141.1188709214970,,1-8
034029,,岩手県西磐井郡平泉町,消火栓,034029,,岩手県西磐井郡平泉町平泉字伽羅楽11番地,岩手県,西磐井郡平泉町,平泉字伽羅楽,11番地,,38.9905180480107,141.1194952031160,,1-9
034029,,岩手県西磐井郡平泉町,消火栓,034029,,岩手県西磐井郡平泉町平泉字鈴沢32番地6,岩手県,西磐井郡平泉町,平泉字鈴沢,32番地6,,38.9909472929260,141.1170448519840,,1-10
034029,,岩手県西磐井郡平泉町,消火栓,034029,,岩手県西磐井郡平泉町平泉字花立209番地,岩手県,西磐井郡平泉町,平泉字花立,209番地,,38.9920653377082,141.1171940808200,,1-11
034029,,岩手県西磐井郡平泉町,消火栓,034029,,岩手県西磐井郡平泉町平泉字伽羅楽,岩手県,西磐井郡平泉町,平泉字伽羅楽,,,38.9928491811733,141.1194042210600,,1-12
034029,,岩手県西磐井郡平泉町,消火栓,034029,,岩手県西磐井郡平泉町平泉字柳の御所,岩手県,西磐井郡平泉町,平泉字柳の御所,,,38.9935162751831,141.1185137276510,,1-13
034029,,岩手県西磐井郡平泉町,消火栓,034029,,岩手県西磐井郡平泉町平泉字柳の御所,岩手県,西磐井郡平泉町,平泉字柳の御所,,,38.9951256135509,141.1157939676760,,1-14
034029,,岩手県西磐井郡平泉町,消火栓,034029,,岩手県西磐井郡平泉町平泉字花立199番地,岩手県,西磐井郡平泉町,平泉字花立,199番地,,38.9932065869345,141.1164857183070,,1-15
034029,,岩手県西磐井郡平泉町,消火栓,034029,,岩手県西磐井郡平泉町平泉字花立120番地,岩手県,西磐井郡平泉町,平泉字花立,120番地,,38.9947322177444,141.1142599533620,,1-16
034029,,岩手県西磐井郡平泉町,消火栓,034029,,岩手県西磐井郡平泉町平泉字花立18番地4,岩手県,西磐井郡平泉町,平泉字花立,18番地4,,38.9961320556611,141.1121640241960,,1-17
034029,,岩手県西磐井郡平泉町,消火栓,034029,,岩手県西磐井郡平泉町平泉字花立41番地30,岩手県,西磐井郡平泉町,平泉字花立,41番地30,,38.9942830253438,141.1105037624780,,1-19
034029,,岩手県西磐井郡平泉町,消火栓,034029,,岩手県西磐井郡平泉町平泉字花立44番地,岩手県,西磐井郡平泉町,平泉字花立,44番地,,38.9930819120379,141.1117105852030,,1-20
034029,,岩手県西磐井郡平泉町,消火栓,034029,,岩手県西磐井郡平泉町平泉字花立65番地1,岩手県,西磐井郡平泉町,平泉字花立,65番地1,,38.9914070373980,141.1114013801460,,1-21
034029,,岩手県西磐井郡平泉町,消火栓,034029,,岩手県西磐井郡平泉町平泉字鈴沢67番地1,岩手県,西磐井郡平泉町,平泉字鈴沢,67番地1,,38.9913625275047,141.1145391447690,,1-22
034029,,岩手県西磐井郡平泉町,消火栓,034029,,岩手県西磐井郡平泉町平泉字志羅山138番地5,岩手県,西磐井郡平泉町,平泉字志羅山,138番地5,,38.9895277281339,141.1132370508410,,1-23
034029,,岩手県西磐井郡平泉町,消火栓,034029,,岩手県西磐井郡平泉町平泉字志羅山155番地2,岩手県,西磐井郡平泉町,平泉字志羅山,155番地2,,38.9885455421180,141.1140324427100,,1-24
034029,,岩手県西磐井郡平泉町,消火栓,034029,,岩手県西磐井郡平泉町平泉字志羅山152番地2,岩手県,西磐井郡平泉町,平泉字志羅山,152番地2,,38.9874173003895,141.1143078654740,,1-25
034029,,岩手県西磐井郡平泉町,消火栓,034029,,岩手県西磐井郡平泉町平泉字志羅山115番地2,岩手県,西磐井郡平泉町,平泉字志羅山,115番地2,,38.9873307110696,141.1117969373500,,1-26
034029,,岩手県西磐井郡平泉町,消火栓,034029,,岩手県西磐井郡平泉町平泉字大沢15番地,岩手県,西磐井郡平泉町,平泉字大沢,15番地,,38.9907652148308,141.1098782687150,,1-27
034029,,岩手県西磐井郡平泉町,消火栓,034029,,岩手県西磐井郡平泉町平泉字大沢11番地2,岩手県,西磐井郡平泉町,平泉字大沢,11番地2,,38.9897154129659,141.1099905312790,,1-28
034029,,岩手県西磐井郡平泉町,消火栓,034029,,岩手県西磐井郡平泉町平泉字大沢58番地,岩手県,西磐井郡平泉町,平泉字大沢,58番地,,38.9872521503349,141.1093240548830,,1-29
034029,,岩手県西磐井郡平泉町,消火栓,034029,,岩手県西磐井郡平泉町平泉字大沢,岩手県,西磐井郡平泉町,平泉字大沢,,,38.9871979443768,141.1063763071500,,1-30
034029,,岩手県西磐井郡平泉町,消火栓,034029,,岩手県西磐井郡平泉町平泉字大沢95番地2,岩手県,西磐井郡平泉町,平泉字大沢,95番地2,,38.9874054691826,141.1004311944320,,1-31
034029,,岩手県西磐井郡平泉町,消火栓,034029,,岩手県西磐井郡平泉町平泉字倉町,岩手県,西磐井郡平泉町,平泉字倉町,,,38.9851392130071,141.1104519273250,,1-32
034029,,岩手県西磐井郡平泉町,消火栓,034029,,岩手県西磐井郡平泉町平泉字倉町,岩手県,西磐井郡平泉町,平泉字倉町,,,38.9858522471368,141.1114336158320,,1-33
034029,,岩手県西磐井郡平泉町,消火栓,034029,,岩手県西磐井郡平泉町平泉字志羅山,岩手県,西磐井郡平泉町,平泉字志羅山,,,38.9862775623257,141.1143035794890,,1-34
034029,,岩手県西磐井郡平泉町,消火栓,034029,,岩手県西磐井郡平泉町平泉字志羅山22番地8,岩手県,西磐井郡平泉町,平泉字志羅山,22番地8,,38.9864906895369,141.1157661183410,,1-35
034029,,岩手県西磐井郡平泉町,消火栓,034029,,岩手県西磐井郡平泉町平泉字花立4番地70,岩手県,西磐井郡平泉町,平泉字花立,4番地70,,38.9939807173885,141.1079450643320,,1-36
034029,,岩手県西磐井郡平泉町,消火栓,034029,,岩手県西磐井郡平泉町平泉字花立54番地20,岩手県,西磐井郡平泉町,平泉字花立,54番地20,,38.9928127329859,141.1072723257140,,1-37
034029,,岩手県西磐井郡平泉町,消火栓,034029,,岩手県西磐井郡平泉町平泉字大沢179番地25,岩手県,西磐井郡平泉町,平泉字大沢,179番地25,,38.9906592327327,141.0988794410600,,1-38
034029,,岩手県西磐井郡平泉町,消火栓,034029,,岩手県西磐井郡平泉町平泉字鈴沢66番地1,岩手県,西磐井郡平泉町,平泉字鈴沢,66番地1,,38.9907047246839,141.1147665466270,,1-39
034029,,岩手県西磐井郡平泉町,消火栓,034029,,岩手県西磐井郡平泉町平泉字柳の御所,岩手県,西磐井郡平泉町,平泉字柳の御所,,,38.9967481328833,141.1138653243950,,1-40
034029,,岩手県西磐井郡平泉町,消火栓,034029,,岩手県西磐井郡平泉町平泉字泉屋25番地1,岩手県,西磐井郡平泉町,平泉字泉屋,25番地1,,38.9865205710652,141.1180163017680,,1-46
034029,,岩手県西磐井郡平泉町,消火栓,034029,,岩手県西磐井郡平泉町平泉字柳の御所56番地11,岩手県,西磐井郡平泉町,平泉字柳の御所,56番地11,,38.9953648848982,141.1147024255790,,1-47
034029,,岩手県西磐井郡平泉町,消火栓,034029,,岩手県西磐井郡平泉町平泉字志羅山136番地3,岩手県,西磐井郡平泉町,平泉字志羅山,136番地3,,38.9880470470449,141.1137645392050,,1-48
034029,,岩手県西磐井郡平泉町,消火栓,034029,,岩手県西磐井郡平泉町平泉字泉屋92番地,岩手県,西磐井郡平泉町,平泉字泉屋,92番地,,38.9900718873984,141.1171037526540,,1-49
034029,,岩手県西磐井郡平泉町,消火栓,034029,,岩手県西磐井郡平泉町平泉字倉町67番地34,岩手県,西磐井郡平泉町,平泉字倉町,67番地34,,38.9836079125024,141.1077745661860,,1-50
034029,,岩手県西磐井郡平泉町,消火栓,034029,,岩手県西磐井郡平泉町平泉字田面54番地24,岩手県,西磐井郡平泉町,平泉字田面,54番地24,,38.9813441705136,141.1091648489860,,1-51
034029,,岩手県西磐井郡平泉町,消火栓,034029,,岩手県西磐井郡平泉町平泉字大沢113番地9,岩手県,西磐井郡平泉町,平泉字大沢,113番地9,,38.9866548287336,141.0977862894590,,1-52
034029,,岩手県西磐井郡平泉町,消火栓,034029,,岩手県西磐井郡平泉町平泉字花立166番地2,岩手県,西磐井郡平泉町,平泉字花立,166番地2,,38.9913438179813,141.1157864954920,,1-53
034029,,岩手県西磐井郡平泉町,消火栓,034029,,岩手県西磐井郡平泉町平泉字花立41番地8,岩手県,西磐井郡平泉町,平泉字花立,41番地8,,38.9949030025534,141.1120972975520,,1-54
034029,,岩手県西磐井郡平泉町,消火栓,034029,,岩手県西磐井郡平泉町平泉字伽羅楽108番地1,岩手県,西磐井郡平泉町,平泉字伽羅楽,108番地1,,38.9922699366565,141.1211742569920,,1-55
034029,,岩手県西磐井郡平泉町,消火栓,034029,,岩手県西磐井郡平泉町平泉字柳の御所26番地3,岩手県,西磐井郡平泉町,平泉字柳の御所,26番地3,,38.9954552798790,141.1134602238600,,1-56
034029,,岩手県西磐井郡平泉町,消火栓,034029,,岩手県西磐井郡平泉町平泉字瀬原5番地7,岩手県,西磐井郡平泉町,平泉字瀬原,5番地7,,39.0115207406400,141.1122491196430,,2-1
034029,,岩手県西磐井郡平泉町,消火栓,034029,,岩手県西磐井郡平泉町平泉字瀬原181番地1,岩手県,西磐井郡平泉町,平泉字瀬原,181番地1,,39.0135420999715,141.1153105992100,,2-2
034029,,岩手県西磐井郡平泉町,消火栓,034029,,岩手県西磐井郡平泉町平泉字森下121番地1,岩手県,西磐井郡平泉町,平泉字森下,121番地1,,39.0166929234294,141.1142217771080,,2-3
034029,,岩手県西磐井郡平泉町,消火栓,034029,,岩手県西磐井郡平泉町平泉字森下21番地1,岩手県,西磐井郡平泉町,平泉字森下,21番地1,,39.0160932600889,141.1126015570050,,2-4
034029,,岩手県西磐井郡平泉町,消火栓,034029,,岩手県西磐井郡平泉町平泉字瀬原,岩手県,西磐井郡平泉町,平泉字瀬原,,,39.0136504300663,141.1131621210000,,2-5
034029,,岩手県西磐井郡平泉町,消火栓,034029,,岩手県西磐井郡平泉町平泉字宿41番地7,岩手県,西磐井郡平泉町,平泉字宿,41番地7,,38.9629546080774,141.1170979838930,,3-1
034029,,岩手県西磐井郡平泉町,消火栓,034029,,岩手県西磐井郡平泉町平泉字新井田28番地3,岩手県,西磐井郡平泉町,平泉字新井田,28番地3,,38.9802837025911,141.1146870312780,,3-2
034029,,岩手県西磐井郡平泉町,消火栓,034029,,岩手県西磐井郡平泉町平泉字上野台,岩手県,西磐井郡平泉町,平泉字上野台,,,38.9791556822907,141.1164653358390,,3-3
034029,,岩手県西磐井郡平泉町,消火栓,034029,,岩手県西磐井郡平泉町平泉字三日町9番地6,岩手県,西磐井郡平泉町,平泉字三日町,9番地6,,38.9792953826271,141.1191529092750,,3-4
034029,,岩手県西磐井郡平泉町,消火栓,034029,,岩手県西磐井郡平泉町平泉字祇園8番地,岩手県,西磐井郡平泉町,平泉字祇園,8番地,,38.9775854443288,141.1162083232750,,3-5
034029,,岩手県西磐井郡平泉町,消火栓,034029,,岩手県西磐井郡平泉町平泉字三日町77番地3,岩手県,西磐井郡平泉町,平泉字三日町,77番地3,,38.9751103901021,141.1173748127300,,3-6
034029,,岩手県西磐井郡平泉町,消火栓,034029,,岩手県西磐井郡平泉町平泉字佐野原17番地1,岩手県,西磐井郡平泉町,平泉字佐野原,17番地1,,38.9724630296821,141.1185527858310,,3-7
034029,,岩手県西磐井郡平泉町,消火栓,034029,,岩手県西磐井郡平泉町平泉字佐野80番地4,岩手県,西磐井郡平泉町,平泉字佐野,80番地4,,38.9703864003181,141.1202364493590,,3-8
034029,,岩手県西磐井郡平泉町,消火栓,034029,,岩手県西磐井郡平泉町平泉字宿21番地3,岩手県,西磐井郡平泉町,平泉字宿,21番地3,,38.9651632442097,141.1238296386970,,3-9
034029,,岩手県西磐井郡平泉町,消火栓,034029,,岩手県西磐井郡平泉町平泉字塩沢125番地1,岩手県,西磐井郡平泉町,平泉字塩沢,125番地1,,38.9636047581677,141.1257570868910,,3-10
034029,,岩手県西磐井郡平泉町,消火栓,034029,,岩手県西磐井郡平泉町平泉字大佐49番地,岩手県,西磐井郡平泉町,平泉字大佐,49番地,,38.9590229009261,141.1280074299300,,3-11
034029,,岩手県西磐井郡平泉町,消火栓,034029,,岩手県西磐井郡平泉町平泉字正法128番地,岩手県,西磐井郡平泉町,平泉字正法,128番地,,38.9599615420693,141.1262184135690,,3-12
034029,,岩手県西磐井郡平泉町,消火栓,034029,,岩手県西磐井郡平泉町平泉字正法87番地4,岩手県,西磐井郡平泉町,平泉字正法,87番地4,,38.9610866538468,141.1243630153410,,3-13
034029,,岩手県西磐井郡平泉町,消火栓,034029,,岩手県西磐井郡平泉町平泉字大平24番地1,岩手県,西磐井郡平泉町,平泉字大平,24番地1,,38.9593432466252,141.1179021796760,,3-14
034029,,岩手県西磐井郡平泉町,消火栓,034029,,岩手県西磐井郡平泉町平泉字樋の沢5番地,岩手県,西磐井郡平泉町,平泉字樋の沢,5番地,,38.9622380652802,141.1207229772310,,3-15
034029,,岩手県西磐井郡平泉町,消火栓,034029,,岩手県西磐井郡平泉町平泉字高田前112番地,岩手県,西磐井郡平泉町,平泉字高田前,112番地,,38.9665465929018,141.1182007452760,,3-16
034029,,岩手県西磐井郡平泉町,消火栓,034029,,岩手県西磐井郡平泉町平泉字樋渡42番地1,岩手県,西磐井郡平泉町,平泉字樋渡,42番地1,,38.9814355322743,141.1134206956960,,3-17
034029,,岩手県西磐井郡平泉町,消火栓,034029,,岩手県西磐井郡平泉町平泉字高田33番地2,岩手県,西磐井郡平泉町,平泉字高田,33番地2,,38.9695588253556,141.1167885582590,,3-18
034029,,岩手県西磐井郡平泉町,消火栓,034029,,岩手県西磐井郡平泉町平泉字高田前112番地,岩手県,西磐井郡平泉町,平泉字高田前,112番地,,38.9671513717093,141.1188337466230,,3-19
034029,,岩手県西磐井郡平泉町,消火栓,034029,,岩手県西磐井郡平泉町平泉字大佐73番地3,岩手県,西磐井郡平泉町,平泉字大佐,73番地3,,38.9574074715168,141.1248701773140,,3-20
034029,,岩手県西磐井郡平泉町,消火栓,034029,,岩手県西磐井郡平泉町平泉字佐野原59番地1,岩手県,西磐井郡平泉町,平泉字佐野原,59番地1,,38.9715895247573,141.1149195643310,,3-21
034029,,岩手県西磐井郡平泉町,消火栓,034029,,岩手県西磐井郡平泉町平泉字高田107番地,岩手県,西磐井郡平泉町,平泉字高田,107番地,,38.9687813905352,141.1191588515140,,3-22
034029,,岩手県西磐井郡平泉町,消火栓,034029,,岩手県西磐井郡平泉町平泉字高田前105番地1,岩手県,西磐井郡平泉町,平泉字高田前,105番地1,,38.9659419606500,141.1198202275680,,3-23
034029,,岩手県西磐井郡平泉町,消火栓,034029,,岩手県西磐井郡平泉町平泉字上野台108番地5,岩手県,西磐井郡平泉町,平泉字上野台,108番地5,,38.9813006202766,141.1181792070830,,3-24
034029,,岩手県西磐井郡平泉町,消火栓,034029,,岩手県西磐井郡平泉町平泉字上野台108番地5,岩手県,西磐井郡平泉町,平泉字上野台,108番地5,,38.9813214704600,141.1194666674510,,3-25
034029,,岩手県西磐井郡平泉町,消火栓,034029,,岩手県西磐井郡平泉町平泉字上野台108番地5,岩手県,西磐井郡平泉町,平泉字上野台,108番地5,,38.9815966923055,141.1186137249570,,3-26
034029,,岩手県西磐井郡平泉町,消火栓,034029,,岩手県西磐井郡平泉町平泉字樋渡53番地2,岩手県,西磐井郡平泉町,平泉字樋渡,53番地2,,38.9809426087332,141.1161975080060,,番号なし
034029,,岩手県西磐井郡平泉町,消火栓,034029,,岩手県西磐井郡平泉町平泉字新井田39番地5,岩手県,西磐井郡平泉町,平泉字新井田,39番地5,,38.9792649854094,141.1113466035010,,3-27
034029,,岩手県西磐井郡平泉町,消火栓,034029,,岩手県西磐井郡平泉町平泉字佐野60番地,岩手県,西磐井郡平泉町,平泉字佐野,60番地,,38.9692874469768,141.1212260575860,,3-28
034029,,岩手県西磐井郡平泉町,消火栓,034029,,岩手県西磐井郡平泉町平泉字樋の沢51番地,岩手県,西磐井郡平泉町,平泉字樋の沢,51番地,,38.9625730363528,141.1227781876060,,3-29
034029,,岩手県西磐井郡平泉町,消火栓,034029,,岩手県西磐井郡平泉町平泉字毛越126番地,岩手県,西磐井郡平泉町,平泉字毛越,126番地,,38.9820958716230,141.1046734894580,,4-1
034029,,岩手県西磐井郡平泉町,消火栓,034029,,岩手県西磐井郡平泉町平泉字毛越41番地1,岩手県,西磐井郡平泉町,平泉字毛越,41番地1,,38.9797177892984,141.1048454552240,,4-2
034029,,岩手県西磐井郡平泉町,消火栓,034029,,岩手県西磐井郡平泉町平泉字更の上80番地4,岩手県,西磐井郡平泉町,平泉字更の上,80番地4,,38.9751951429162,141.1003843201490,,4-3
034029,,岩手県西磐井郡平泉町,消火栓,034029,,岩手県西磐井郡平泉町平泉字善阿弥28番地,岩手県,西磐井郡平泉町,平泉字善阿弥,28番地,,38.9778899995381,141.0941725482210,,4-4
034029,,岩手県西磐井郡平泉町,消火栓,034029,,岩手県西磐井郡平泉町平泉字要害166番地,岩手県,西磐井郡平泉町,平泉字要害,166番地,,38.9763001470198,141.0861881729950,,4-5
034029,,岩手県西磐井郡平泉町,消火栓,034029,,岩手県西磐井郡平泉町平泉字西風52番地8,岩手県,西磐井郡平泉町,平泉字西風,52番地8,,38.9712135466659,141.0837858648570,,4-6
034029,,岩手県西磐井郡平泉町,消火栓,034029,,岩手県西磐井郡平泉町平泉字山岸60番地,岩手県,西磐井郡平泉町,平泉字山岸,60番地,,38.9741724369160,141.0783464913130,,4-7
034029,,岩手県西磐井郡平泉町,消火栓,034029,,岩手県西磐井郡平泉町平泉字髢石51番地,岩手県,西磐井郡平泉町,平泉字髢石,51番地,,38.9701427901506,141.0695349061510,,4-8
034029,,岩手県西磐井郡平泉町,消火栓,034029,,岩手県西磐井郡平泉町平泉字八日講105番地2,岩手県,西磐井郡平泉町,平泉字八日講,105番地2,,38.9754026675958,141.0969241650880,,4-9
034029,,岩手県西磐井郡平泉町,消火栓,034029,,岩手県西磐井郡平泉町平泉字金堀沢94番地,岩手県,西磐井郡平泉町,平泉字金堀沢,94番地,,38.9737182831766,141.0888259643310,,4-10
034029,,岩手県西磐井郡平泉町,消火栓,034029,,岩手県西磐井郡平泉町平泉字片岡69番地,岩手県,西磐井郡平泉町,平泉字片岡,69番地,,38.9718763004319,141.1092808392780,,4-11
034029,,岩手県西磐井郡平泉町,消火栓,034029,,岩手県西磐井郡平泉町平泉字小金沢10番地,岩手県,西磐井郡平泉町,平泉字小金沢,10番地,,38.9719465070837,141.1028805214970,,4-12
034029,,岩手県西磐井郡平泉町,消火栓,034029,,岩手県西磐井郡平泉町平泉字新井田104番地2,岩手県,西磐井郡平泉町,平泉字新井田,104番地2,,38.9747787509452,141.1093182085130,,4-13
034029,,岩手県西磐井郡平泉町,消火栓,034029,,岩手県西磐井郡平泉町平泉字片岡79番地,岩手県,西磐井郡平泉町,平泉字片岡,79番地,,38.9705254799379,141.1079345466230,,4-14
034029,,岩手県西磐井郡平泉町,消火栓,034029,,岩手県西磐井郡平泉町平泉字北沢70番地,岩手県,西磐井郡平泉町,平泉字北沢,70番地,,38.9703500939495,141.0602302778220,,4-15
034029,,岩手県西磐井郡平泉町,消火栓,034029,,岩手県西磐井郡平泉町平泉字北沢16番地,岩手県,西磐井郡平泉町,平泉字北沢,16番地,,38.9680603523932,141.0588945377180,,4-16
034029,,岩手県西磐井郡平泉町,消火栓,034029,,岩手県西磐井郡平泉町平泉字毛越136番地,岩手県,西磐井郡平泉町,平泉字毛越,136番地,,38.9820310816523,141.1065357386970,,4-17
034029,,岩手県西磐井郡平泉町,消火栓,034029,,岩手県西磐井郡平泉町平泉字日照田44番地,岩手県,西磐井郡平泉町,平泉字日照田,44番地,,38.9780492541900,141.0991229354950,,4-18
034029,,岩手県西磐井郡平泉町,消火栓,034029,,岩手県西磐井郡平泉町平泉字熊野前49番地,岩手県,西磐井郡平泉町,平泉字熊野前,49番地,,38.9754995549001,141.0825690698960,,4-19
034029,,岩手県西磐井郡平泉町,消火栓,034029,,岩手県西磐井郡平泉町平泉字衣関37番地,岩手県,西磐井郡平泉町,平泉字衣関,37番地,,38.9978757214433,141.1088259784960,,5-1
034029,,岩手県西磐井郡平泉町,消火栓,034029,,岩手県西磐井郡平泉町平泉字衣関219番地2,岩手県,西磐井郡平泉町,平泉字衣関,219番地2,,39.0026770346176,141.1059886803520,,5-2
034029,,岩手県西磐井郡平泉町,消火栓,034029,,岩手県西磐井郡平泉町平泉字坂下27番地3,岩手県,西磐井郡平泉町,平泉字坂下,27番地3,,39.0000286864221,141.1082168158500,,5-4
034029,,岩手県西磐井郡平泉町,消火栓,034029,,岩手県西磐井郡平泉町平泉字衣関3番地1,岩手県,西磐井郡平泉町,平泉字衣関,3番地1,,38.9974400581035,141.1099865753780,,5-5
034029,,岩手県西磐井郡平泉町,消火栓,034029,,岩手県西磐井郡平泉町平泉字坂下,岩手県,西磐井郡平泉町,平泉字坂下,,,39.0010694677349,141.1062410833580,,5-6
034029,,岩手県西磐井郡平泉町,消火栓,034029,,岩手県西磐井郡平泉町平泉字衣関2番地5,岩手県,西磐井郡平泉町,平泉字衣関,2番地5,,38.9960979122655,141.1101048054780,,5-7
034029,,岩手県西磐井郡平泉町,消火栓,034029,,岩手県西磐井郡平泉町平泉字衣関18番地69,岩手県,西磐井郡平泉町,平泉字衣関,18番地69,,38.9936620212309,141.1051780074990,,5-8
034029,,岩手県西磐井郡平泉町,消火栓,034029,,岩手県西磐井郡平泉町平泉字衣関18番地32,岩手県,西磐井郡平泉町,平泉字衣関,18番地32,,38.9930699768563,141.1040514796780,,5-9
034029,,岩手県西磐井郡平泉町,消火栓,034029,,岩手県西磐井郡平泉町平泉字東郷42番地1,岩手県,西磐井郡平泉町,平泉字東郷,42番地1,,39.0003647825722,141.0853097336410,,6-1
034029,,岩手県西磐井郡平泉町,消火栓,034029,,岩手県西磐井郡平泉町平泉字東郷91番地,岩手県,西磐井郡平泉町,平泉字東郷,91番地,,39.0009891147222,141.0819484447700,,6-2
034029,,岩手県西磐井郡平泉町,消火栓,034029,,岩手県西磐井郡平泉町平泉字広滝40番地,岩手県,西磐井郡平泉町,平泉字広滝,40番地,,38.9966674137524,141.0662340908060,,6-3
034029,,岩手県西磐井郡平泉町,消火栓,034029,,岩手県西磐井郡平泉町平泉字広滝134番地,岩手県,西磐井郡平泉町,平泉字広滝,134番地,,38.9948579488672,141.0591616140780,,6-4
034029,,岩手県西磐井郡平泉町,消火栓,034029,,岩手県西磐井郡平泉町平泉字南沢149番地,岩手県,西磐井郡平泉町,平泉字南沢,149番地,,38.9858199903363,141.0663937940080,,6-5
034029,,岩手県西磐井郡平泉町,消火栓,034029,,岩手県西磐井郡平泉町平泉字馬場50番地,岩手県,西磐井郡平泉町,平泉字馬場,50番地,,38.9916088702760,141.0453093926610,,6-6
034029,,岩手県西磐井郡平泉町,消火栓,034029,,岩手県西磐井郡平泉町平泉字南郷128番地2,岩手県,西磐井郡平泉町,平泉字南郷,128番地2,,38.9991975643720,141.0718446257150,,6-7
034029,,岩手県西磐井郡平泉町,消火栓,034029,,岩手県西磐井郡平泉町平泉字東郷91番地,岩手県,西磐井郡平泉町,平泉字東郷,91番地,,39.0009891147222,141.0819484447700,,6-8
034029,,岩手県西磐井郡平泉町,消火栓,034029,,岩手県西磐井郡平泉町長島字矢崎3番地,岩手県,西磐井郡平泉町,長島字矢崎,3番地,,38.9957011152728,141.1363355058670,,7-1
034029,,岩手県西磐井郡平泉町,消火栓,034029,,岩手県西磐井郡平泉町長島字新田116番地,岩手県,西磐井郡平泉町,長島字新田,116番地,,38.9982888899326,141.1354143855340,,7-2
034029,,岩手県西磐井郡平泉町,消火栓,034029,,岩手県西磐井郡平泉町長島字桜木77番地,岩手県,西磐井郡平泉町,長島字桜木,77番地,,38.9980843384383,141.1542141103690,,7-3
034029,,岩手県西磐井郡平泉町,消火栓,034029,,岩手県西磐井郡平泉町長島字砂子沢158番地,岩手県,西磐井郡平泉町,長島字砂子沢,158番地,,38.9982576051892,141.1472553601150,,7-4
034029,,岩手県西磐井郡平泉町,消火栓,034029,,岩手県西磐井郡平泉町長島字砂子沢1番地1,岩手県,西磐井郡平泉町,長島字砂子沢,1番地1,,38.9950639486104,141.1432249300150,,7-5
034029,,岩手県西磐井郡平泉町,消火栓,034029,,岩手県西磐井郡平泉町長島字野田64番地2,岩手県,西磐井郡平泉町,長島字野田,64番地2,,38.9940287931880,141.1453551624770,,7-6
034029,,岩手県西磐井郡平泉町,消火栓,034029,,岩手県西磐井郡平泉町長島字野田81番地,岩手県,西磐井郡平泉町,長島字野田,81番地,,38.9929596749004,141.1438553336410,,7-7
034029,,岩手県西磐井郡平泉町,消火栓,034029,,岩手県西磐井郡平泉町長島字境田37番地,岩手県,西磐井郡平泉町,長島字境田,37番地,,38.9919724806187,141.1406186717510,,7-8
034029,,岩手県西磐井郡平泉町,消火栓,034029,,岩手県西磐井郡平泉町長島字杉27番地,岩手県,西磐井郡平泉町,長島字杉,27番地,,38.9905230900053,141.1425015165870,,7-9
034029,,岩手県西磐井郡平泉町,消火栓,034029,,岩手県西磐井郡平泉町長島字舘岡29番地,岩手県,西磐井郡平泉町,長島字舘岡,29番地,,38.9859787814317,141.1420015698960,,7-10
034029,,岩手県西磐井郡平泉町,消火栓,034029,,岩手県西磐井郡平泉町長島字新田61番地1,岩手県,西磐井郡平泉町,長島字新田,61番地1,,38.9969270246450,141.1396967484790,,7-11
034029,,岩手県西磐井郡平泉町,消火栓,034029,,岩手県西磐井郡平泉町長島字矢崎41番地17,岩手県,西磐井郡平泉町,長島字矢崎,41番地17,,38.9942823157897,141.1378534894590,,7-12
034029,,岩手県西磐井郡平泉町,消火栓,034029,,岩手県西磐井郡平泉町長島字桜木60番地4,岩手県,西磐井郡平泉町,長島字桜木,60番地4,,38.9999227505053,141.1543010852420,,7-13
034029,,岩手県西磐井郡平泉町,消火栓,034029,,岩手県西磐井郡平泉町長島字俄坂21番地3,岩手県,西磐井郡平泉町,長島字俄坂,21番地3,,38.9992627080955,141.1546434243280,,7-14
034029,,岩手県西磐井郡平泉町,消火栓,034029,,岩手県西磐井郡平泉町長島字半行28番地3,岩手県,西磐井郡平泉町,長島字半行,28番地3,,38.9997770266575,141.1585260992410,,7-15
034029,,岩手県西磐井郡平泉町,消火栓,034029,,岩手県西磐井郡平泉町長島字半行69番地,岩手県,西磐井郡平泉町,長島字半行,69番地,,39.0000033768507,141.1602788503340,,7-16
034029,,岩手県西磐井郡平泉町,消火栓,034029,,岩手県西磐井郡平泉町長島字石合52番地,岩手県,西磐井郡平泉町,長島字石合,52番地,,39.0002096176120,141.1482147908070,,7-17
034029,,岩手県西磐井郡平泉町,消火栓,034029,,岩手県西磐井郡平泉町長島字砂子沢57番地,岩手県,西磐井郡平泉町,長島字砂子沢,57番地,,38.9983552316515,141.1530261503340,,7-18
034029,,岩手県西磐井郡平泉町,消火栓,034029,,岩手県西磐井郡平泉町長島字桜木26番地,岩手県,西磐井郡平泉町,長島字桜木,26番地,,38.9962656599430,141.1535981331340,,7-19
034029,,岩手県西磐井郡平泉町,消火栓,034029,,岩手県西磐井郡平泉町長島字砂子沢79番地,岩手県,西磐井郡平泉町,長島字砂子沢,79番地,,38.9993157890397,141.1510032024430,,7-20
034029,,岩手県西磐井郡平泉町,消火栓,034029,,岩手県西磐井郡平泉町長島字半行13番地,岩手県,西磐井郡平泉町,長島字半行,13番地,,38.9978279857520,141.1593843986940,,7-21
034029,,岩手県西磐井郡平泉町,消火栓,034029,,岩手県西磐井郡平泉町長島字俄坂44番地,岩手県,西磐井郡平泉町,長島字俄坂,44番地,,38.9990877050967,141.1563006852420,,7-22
034029,,岩手県西磐井郡平泉町,消火栓,034029,,岩手県西磐井郡平泉町長島字俄坂18番地1,岩手県,西磐井郡平泉町,長島字俄坂,18番地1,,38.9983029736884,141.1552699747870,,7-23
034029,,岩手県西磐井郡平泉町,消火栓,034029,,岩手県西磐井郡平泉町長島字深山95番地342,岩手県,西磐井郡平泉町,長島字深山,95番地342,,39.0103374824239,141.1683952169490,,7-24
034029,,岩手県西磐井郡平泉町,消火栓,034029,,岩手県西磐井郡平泉町長島字砂子沢53番地,岩手県,西磐井郡平泉町,長島字砂子沢,53番地,,38.9976393542346,141.1524803006710,,7-25
034029,,岩手県西磐井郡平泉町,消火栓,034029,,岩手県西磐井郡平泉町長島字束稲40番地,岩手県,西磐井郡平泉町,長島字束稲,40番地,,39.0010210870215,141.1714132312790,,7-26
034029,,岩手県西磐井郡平泉町,消火栓,034029,,岩手県西磐井郡平泉町長島字束稲27番地,岩手県,西磐井郡平泉町,長島字束稲,27番地,,39.0026670582933,141.1705848693890,,7-27
034029,,岩手県西磐井郡平泉町,消火栓,034029,,岩手県西磐井郡平泉町長島字深山95番地,岩手県,西磐井郡平泉町,長島字深山,95番地,,39.0033075841511,141.1724147618870,,7-28
034029,,岩手県西磐井郡平泉町,消火栓,034029,,岩手県西磐井郡平泉町長島字小倉12番地,岩手県,西磐井郡平泉町,長島字小倉,12番地,,38.9975533551276,141.1763584722590,,7-29
034029,,岩手県西磐井郡平泉町,消火栓,034029,,岩手県西磐井郡平泉町長島字左違67番地,岩手県,西磐井郡平泉町,長島字左違,67番地,,38.9986702854648,141.1669996810250,,7-30
034029,,岩手県西磐井郡平泉町,消火栓,034029,,岩手県西磐井郡平泉町長島字砂子沢20番地,岩手県,西磐井郡平泉町,長島字砂子沢,20番地,,38.9960462369527,141.1481454489870,,7-31
034029,,岩手県西磐井郡平泉町,消火栓,034029,,岩手県西磐井郡平泉町長島字砂子沢64番地1,岩手県,西磐井郡平泉町,長島字砂子沢,64番地1,,38.9959470983152,141.1513537526960,,7-32
034029,,岩手県西磐井郡平泉町,消火栓,034029,,岩手県西磐井郡平泉町長島字大平51番地,岩手県,西磐井郡平泉町,長島字大平,51番地,,39.0024604775469,141.1671255275310,,7-33
034029,,岩手県西磐井郡平泉町,消火栓,034029,,岩手県西磐井郡平泉町長島字山王102番地6,岩手県,西磐井郡平泉町,長島字山王,102番地6,,38.9889292541814,141.1469995208240,,8-1
034029,,岩手県西磐井郡平泉町,消火栓,034029,,岩手県西磐井郡平泉町長島字中鈴峯121番地,岩手県,西磐井郡平泉町,長島字中鈴峯,121番地,,38.9920117767889,141.1560937214560,,8-2
034029,,岩手県西磐井郡平泉町,消火栓,034029,,岩手県西磐井郡平泉町長島字下田77番地,岩手県,西磐井郡平泉町,長島字下田,77番地,,38.9921913370884,141.1609338489860,,8-3
034029,,岩手県西磐井郡平泉町,消火栓,034029,,岩手県西磐井郡平泉町長島字大槻田2番地65,岩手県,西磐井郡平泉町,長島字大槻田,2番地65,,38.9876220908407,141.1546447796780,,8-4
034029,,岩手県西磐井郡平泉町,消火栓,034029,,岩手県西磐井郡平泉町長島字佐野30番地,岩手県,西磐井郡平泉町,長島字佐野,30番地,,38.9816720862296,141.1475994121400,,8-5
034029,,岩手県西磐井郡平泉町,消火栓,034029,,岩手県西磐井郡平泉町長島字東岳20番地,岩手県,西磐井郡平泉町,長島字東岳,20番地,,38.9917774740887,141.1683240349880,,8-6
034029,,岩手県西磐井郡平泉町,消火栓,034029,,岩手県西磐井郡平泉町長島字西風29番地,岩手県,西磐井郡平泉町,長島字西風,29番地,,38.9877063213214,141.1707254452770,,8-7
034029,,岩手県西磐井郡平泉町,消火栓,034029,,岩手県西磐井郡平泉町長島字東岳103番地,岩手県,西磐井郡平泉町,長島字東岳,103番地,,38.9912430723587,141.1740187066590,,8-8
034029,,岩手県西磐井郡平泉町,消火栓,034029,,岩手県西磐井郡平泉町長島字下長根51番地,岩手県,西磐井郡平泉町,長島字下長根,51番地,,38.9793999348521,141.1559314005870,,8-9
034029,,岩手県西磐井郡平泉町,消火栓,034029,,岩手県西磐井郡平泉町長島字中村35番地3,岩手県,西磐井郡平泉町,長島字中村,35番地3,,38.9940468317786,141.1666167569960,,8-10
034029,,岩手県西磐井郡平泉町,消火栓,034029,,岩手県西磐井郡平泉町長島字赤伏14番地2,岩手県,西磐井郡平泉町,長島字赤伏,14番地2,,38.9868706232748,141.1498338159330,,8-11
034029,,岩手県西磐井郡平泉町,消火栓,034029,,岩手県西磐井郡平泉町長島字須崎50番地,岩手県,西磐井郡平泉町,長島字須崎,50番地,,38.9807764252174,141.1503535833870,,8-12
034029,,岩手県西磐井郡平泉町,消火栓,034029,,岩手県西磐井郡平泉町長島字山王35番地3,岩手県,西磐井郡平泉町,長島字山王,35番地3,,38.9905031106953,141.1460395987330,,8-13
034029,,岩手県西磐井郡平泉町,消火栓,034029,,岩手県西磐井郡平泉町長島字山谷21番地,岩手県,西磐井郡平泉町,長島字山谷,21番地,,38.9891768108518,141.1507452098610,,8-14
034029,,岩手県西磐井郡平泉町,消火栓,034029,,岩手県西磐井郡平泉町長島字平石沢63番地,岩手県,西磐井郡平泉町,長島字平石沢,63番地,,38.9921847960536,141.1534359798440,,8-15
034029,,岩手県西磐井郡平泉町,消火栓,034029,,岩手県西磐井郡平泉町長島字中鈴峯34番地,岩手県,西磐井郡平泉町,長島字中鈴峯,34番地,,38.9951507912516,141.1612651736060,,8-16
034029,,岩手県西磐井郡平泉町,消火栓,034029,,岩手県西磐井郡平泉町長島字大槻田,岩手県,西磐井郡平泉町,長島字大槻田,,,38.9900019213223,141.1566106211670,,8-17
034029,,岩手県西磐井郡平泉町,消火栓,034029,,岩手県西磐井郡平泉町長島字生江田26番地1,岩手県,西磐井郡平泉町,長島字生江田,26番地1,,39.0010511538246,141.1362340840610,,9-1
034029,,岩手県西磐井郡平泉町,消火栓,034029,,岩手県西磐井郡平泉町長島字生江田83番地,岩手県,西磐井郡平泉町,長島字生江田,83番地,,39.0012011107361,141.1390502569130,,9-2
034029,,岩手県西磐井郡平泉町,消火栓,034029,,岩手県西磐井郡平泉町長島字竜ケ坂11番地,岩手県,西磐井郡平泉町,長島字竜ケ坂,11番地,,39.0024278877905,141.1374455643330,,9-3
034029,,岩手県西磐井郡平泉町,消火栓,034029,,岩手県西磐井郡平泉町長島字竜ケ坂84番地,岩手県,西磐井郡平泉町,長島字竜ケ坂,84番地,,39.0035571815888,141.1402621773160,,9-4
034029,,岩手県西磐井郡平泉町,消火栓,034029,,岩手県西磐井郡平泉町長島字竜ケ坂57番地,岩手県,西磐井郡平泉町,長島字竜ケ坂,57番地,,39.0044722041027,141.1364646643330,,9-5
034029,,岩手県西磐井郡平泉町,消火栓,034029,,岩手県西磐井郡平泉町長島字滝の沢41番地,岩手県,西磐井郡平泉町,長島字滝の沢,41番地,,39.0063505415409,141.1375458607060,,9-6
034029,,岩手県西磐井郡平泉町,消火栓,034029,,岩手県西磐井郡平泉町長島字滝の沢72番地,岩手県,西磐井郡平泉町,長島字滝の沢,72番地,,39.0077821328109,141.1357117759690,,9-7
034029,,岩手県西磐井郡平泉町,消火栓,034029,,岩手県西磐井郡平泉町長島字二反田16番地,岩手県,西磐井郡平泉町,長島字二反田,16番地,,39.0113559246296,141.1364054319530,,9-8
034029,,岩手県西磐井郡平泉町,消火栓,034029,,岩手県西磐井郡平泉町長島字二反田40番地,岩手県,西磐井郡平泉町,長島字二反田,40番地,,39.0131380414936,141.1377286479730,,9-9
034029,,岩手県西磐井郡平泉町,消火栓,034029,,岩手県西磐井郡平泉町長島字赤羽根69番地,岩手県,西磐井郡平泉町,長島字赤羽根,69番地,,39.0143364759730,141.1409482962050,,9-10
034029,,岩手県西磐井郡平泉町,消火栓,034029,,岩手県西磐井郡平泉町長島字月舘45番地1,岩手県,西磐井郡平泉町,長島字月舘,45番地1,,39.0180187226162,141.1367712270630,,9-11
034029,,岩手県西磐井郡平泉町,消火栓,034029,,岩手県西磐井郡平泉町長島字生江田3番地,岩手県,西磐井郡平泉町,長島字生江田,3番地,,38.9995744208243,141.1359421410600,,9-12
034029,,岩手県西磐井郡平泉町,消火栓,034029,,岩手県西磐井郡平泉町長島字前林6番地,岩手県,西磐井郡平泉町,長島字前林,6番地,,39.0118982096506,141.1394105643330,,9-13
034029,,岩手県西磐井郡平泉町,消火栓,034029,,岩手県西磐井郡平泉町長島字月舘159番地,岩手県,西磐井郡平泉町,長島字月舘,159番地,,39.0152335619564,141.1358326508420,,9-14
034029,,岩手県西磐井郡平泉町,消火栓,034029,,岩手県西磐井郡平泉町長島字二反田114番地,岩手県,西磐井郡平泉町,長島字二反田,114番地,,39.0100948556918,141.1378225410610,,9-15
034029,,岩手県西磐井郡平泉町,消火栓,034029,,岩手県西磐井郡平泉町長島字滝の沢187番地1,岩手県,西磐井郡平泉町,長島字滝の沢,187番地1,,39.0087983589252,141.1383308661880,,9-16
034029,,岩手県西磐井郡平泉町,消火栓,034029,,岩手県西磐井郡平泉町長島字滝の沢112番地1,岩手県,西磐井郡平泉町,長島字滝の沢,112番地1,,39.0075952802051,141.1437581656800,,9-17
034029,,岩手県西磐井郡平泉町,消火栓,034029,,岩手県西磐井郡平泉町平泉字衣関中尊寺内,岩手県,西磐井郡平泉町,平泉字衣関,中尊寺内,,38.9995107152984,141.1061266866460,,中-1
034029,,岩手県西磐井郡平泉町,消火栓,034029,,岩手県西磐井郡平泉町平泉字衣関中尊寺内,岩手県,西磐井郡平泉町,平泉字衣関,中尊寺内,,38.9998296403682,141.1063654032560,,中-2
034029,,岩手県西磐井郡平泉町,消火栓,034029,,岩手県西磐井郡平泉町平泉字衣関中尊寺内,岩手県,西磐井郡平泉町,平泉字衣関,中尊寺内,,38.9998108801097,141.1054561343720,,中-3
034029,,岩手県西磐井郡平泉町,消火栓,034029,,岩手県西磐井郡平泉町平泉字衣関中尊寺内,岩手県,西磐井郡平泉町,平泉字衣関,中尊寺内,,38.9999380328834,141.1051128116580,,中-4
034029,,岩手県西磐井郡平泉町,消火栓,034029,,岩手県西磐井郡平泉町平泉字衣関中尊寺内,岩手県,西磐井郡平泉町,平泉字衣関,中尊寺内,,39.0007509713997,141.1038199868910,,中-5
034029,,岩手県西磐井郡平泉町,消火栓,034029,,岩手県西磐井郡平泉町平泉字衣関中尊寺内,岩手県,西磐井郡平泉町,平泉字衣関,中尊寺内,,39.0008666580519,141.1036188212210,,中-6
034029,,岩手県西磐井郡平泉町,消火栓,034029,,岩手県西磐井郡平泉町平泉字衣関中尊寺内,岩手県,西磐井郡平泉町,平泉字衣関,中尊寺内,,39.0010104844362,141.1028222051390,,中-7
034029,,岩手県西磐井郡平泉町,消火栓,034029,,岩手県西磐井郡平泉町平泉字衣関中尊寺内,岩手県,西磐井郡平泉町,平泉字衣関,中尊寺内,,39.0012731231494,141.1019518283120,,中-8
034029,,岩手県西磐井郡平泉町,消火栓,034029,,岩手県西磐井郡平泉町平泉字衣関中尊寺内,岩手県,西磐井郡平泉町,平泉字衣関,中尊寺内,,39.0018286216654,141.1021529939930,,中-9
034029,,岩手県西磐井郡平泉町,消火栓,034029,,岩手県西磐井郡平泉町平泉字衣関中尊寺内,岩手県,西磐井郡平泉町,平泉字衣関,中尊寺内,,39.0015753649077,141.1030770150030,,中-10
034029,,岩手県西磐井郡平泉町,消火栓,034029,,岩手県西磐井郡平泉町平泉字衣関中尊寺内,岩手県,西磐井郡平泉町,平泉字衣関,中尊寺内,,39.0019411799313,141.1023514774670,,中-11
034029,,岩手県西磐井郡平泉町,消火栓,034029,,岩手県西磐井郡平泉町平泉字衣関中尊寺内,岩手県,西磐井郡平泉町,平泉字衣関,中尊寺内,,39.0024299725637,141.1024171915910,,中-12
034029,,岩手県西磐井郡平泉町,消火栓,034029,,岩手県西磐井郡平泉町平泉字衣関中尊寺内,岩手県,西磐井郡平泉町,平泉字衣関,中尊寺内,,39.0027593064082,141.1028087941190,,中-13
034029,,岩手県西磐井郡平泉町,消火栓,034029,,岩手県西磐井郡平泉町平泉字衣関中尊寺内,岩手県,西磐井郡平泉町,平泉字衣関,中尊寺内,,39.0037681423353,141.1036563721630,,中-14
034029,,岩手県西磐井郡平泉町,消火栓,034029,,岩手県西磐井郡平泉町平泉字衣関中尊寺内,岩手県,西磐井郡平泉町,平泉字衣関,中尊寺内,,39.0017171054432,141.1009795275160,,中-15
034029,,岩手県西磐井郡平泉町,消火栓,034029,,岩手県西磐井郡平泉町平泉字衣関中尊寺内,岩手県,西磐井郡平泉町,平泉字衣関,中尊寺内,,39.0012168435285,141.1006496157970,,中-16
034029,,岩手県西磐井郡平泉町,消火栓,034029,,岩手県西磐井郡平泉町平泉字衣関中尊寺内,岩手県,西磐井郡平泉町,平泉字衣関,中尊寺内,,39.0018088197438,141.1002633776870,,中-17
034029,,岩手県西磐井郡平泉町,消火栓,034029,,岩手県西磐井郡平泉町平泉字衣関中尊寺内,岩手県,西磐井郡平泉町,平泉字衣関,中尊寺内,,39.0027415891247,141.1002218035910,,中-18
034029,,岩手県西磐井郡平泉町,消火栓,034029,,岩手県西磐井郡平泉町平泉字衣関中尊寺内,岩手県,西磐井郡平泉町,平泉字衣関,中尊寺内,,39.0032699792834,141.0997269360200,,中-19
034029,,岩手県西磐井郡平泉町,消火栓,034029,,岩手県西磐井郡平泉町平泉字衣関中尊寺内,岩手県,西磐井郡平泉町,平泉字衣関,中尊寺内,,39.0023893268223,141.0995485691060,,中-20
034029,,岩手県西磐井郡平泉町,消火栓,034029,,岩手県西磐井郡平泉町平泉字衣関中尊寺内,岩手県,西磐井郡平泉町,平泉字衣関,中尊寺内,,39.0018932384851,141.0994198230700,,中-21
034029,,岩手県西磐井郡平泉町,消火栓,034029,,岩手県西磐井郡平泉町平泉字衣関中尊寺内,岩手県,西磐井郡平泉町,平泉字衣関,中尊寺内,,39.0014200753382,141.0990925935670,,中-22
034029,,岩手県西磐井郡平泉町,消火栓,034029,,岩手県西磐井郡平泉町平泉字衣関中尊寺内,岩手県,西磐井郡平泉町,平泉字衣関,中尊寺内,,39.0006634246260,141.0984917787600,,中-23
034029,,岩手県西磐井郡平泉町,消火栓,034029,,岩手県西磐井郡平泉町平泉字衣関中尊寺内,岩手県,西磐井郡平泉町,平泉字衣関,中尊寺内,,38.9949059440493,141.0958176161000,,中-24
034029,,岩手県西磐井郡平泉町,消火栓,034029,,岩手県西磐井郡平泉町平泉字衣関中尊寺内,岩手県,西磐井郡平泉町,平泉字衣関,中尊寺内,,39.0009239801606,141.1004323561430,,中-25
034029,,岩手県西磐井郡平泉町,消火栓,034029,,岩手県西磐井郡平泉町平泉字衣関中尊寺内,岩手県,西磐井郡平泉町,平泉字衣関,中尊寺内,,38.9973865958832,141.1063265105190,,中-26
034029,,岩手県西磐井郡平泉町,消火栓,034029,,岩手県西磐井郡平泉町平泉字衣関中尊寺内,岩手県,西磐井郡平泉町,平泉字衣関,中尊寺内,,38.9998025421975,141.0994426209940,,中-27
034029,,岩手県西磐井郡平泉町,消火栓,034029,,岩手県西磐井郡平泉町平泉字衣関中尊寺内,岩手県,西磐井郡平泉町,平泉字衣関,中尊寺内,,38.9993731392833,141.0980961520350,,中-28
034029,,岩手県西磐井郡平泉町,消火栓,034029,,岩手県西磐井郡平泉町平泉字衣関中尊寺内,岩手県,西磐井郡平泉町,平泉字衣関,中尊寺内,,38.9987832271926,141.0986808736180,,中-29
034029,,岩手県西磐井郡平泉町,消火栓,034029,,岩手県西磐井郡平泉町平泉字衣関中尊寺内,岩手県,西磐井郡平泉町,平泉字衣関,中尊寺内,,38.9977201222971,141.0973209936050,,中-30
034029,,岩手県西磐井郡平泉町,消火栓,034029,,岩手県西磐井郡平泉町平泉字衣関中尊寺内,岩手県,西磐井郡平泉町,平泉字衣関,中尊寺内,,38.9966444940474,141.0961622792740,,中-31
034029,,岩手県西磐井郡平泉町,消火栓,034029,,岩手県西磐井郡平泉町平泉字衣関中尊寺内,岩手県,西磐井郡平泉町,平泉字衣関,中尊寺内,,39.0010219487950,141.1016822654520,,中-32
034029,,岩手県西磐井郡平泉町,消火栓,034029,,岩手県西磐井郡平泉町平泉字大沢毛越寺内,岩手県,西磐井郡平泉町,平泉字大沢,毛越寺内,,38.9870058844285,141.1084847264910,,毛-1
034029,,岩手県西磐井郡平泉町,消火栓,034029,,岩手県西磐井郡平泉町平泉字大沢毛越寺内,岩手県,西磐井郡平泉町,平泉字大沢,毛越寺内,,38.9871184662727,141.1077337079440,,毛-2
034029,,岩手県西磐井郡平泉町,消火栓,034029,,岩手県西磐井郡平泉町平泉字大沢毛越寺内,岩手県,西磐井郡平泉町,平泉字大沢,毛越寺内,,38.9872852538608,141.1073126011150,,毛-3
034029,,岩手県西磐井郡平泉町,消火栓,034029,,岩手県西磐井郡平泉町平泉字大沢毛越寺内,岩手県,西磐井郡平泉町,平泉字大沢,毛越寺内,,38.9884277382891,141.1092518382580,,毛-4
034029,,岩手県西磐井郡平泉町,防火水槽,034029,,岩手県西磐井郡平泉町平泉字泉屋47番地,岩手県,西磐井郡平泉町,平泉字泉屋,47番地,,38.9872433599192,141.1166606845680,,1-1
034029,,岩手県西磐井郡平泉町,防火水槽,034029,,岩手県西磐井郡平泉町平泉字泉屋73番地4,岩手県,西磐井郡平泉町,平泉字泉屋,73番地4,,38.9879567889926,141.1170246703650,,1-2
034029,,岩手県西磐井郡平泉町,防火水槽,034029,,岩手県西磐井郡平泉町平泉字泉屋104番地2,岩手県,西磐井郡平泉町,平泉字泉屋,104番地2,,38.9893130391384,141.1185765048490,,1-3
034029,,岩手県西磐井郡平泉町,防火水槽,034029,,岩手県西磐井郡平泉町平泉字伽羅楽9番地2,岩手県,西磐井郡平泉町,平泉字伽羅楽,9番地2,,38.9906983025644,141.1183167214140,,1-4
034029,,岩手県西磐井郡平泉町,防火水槽,034029,,岩手県西磐井郡平泉町平泉字花立215番地,岩手県,西磐井郡平泉町,平泉字花立,215番地,,38.9911011702187,141.1165600054090,,1-5
034029,,岩手県西磐井郡平泉町,防火水槽,034029,,岩手県西磐井郡平泉町平泉字花立206番地,岩手県,西磐井郡平泉町,平泉字花立,206番地,,38.9928975056351,141.1169304766420,,1-6
034029,,岩手県西磐井郡平泉町,防火水槽,034029,,岩手県西磐井郡平泉町平泉字柳の御所138番地14,岩手県,西磐井郡平泉町,平泉字柳の御所,138番地14,,38.9922340063362,141.1182758938000,,1-7
034029,,岩手県西磐井郡平泉町,防火水槽,034029,,岩手県西磐井郡平泉町平泉字柳の御所,岩手県,西磐井郡平泉町,平泉字柳の御所,,,38.9936474165689,141.1181887220400,,1-8
034029,,岩手県西磐井郡平泉町,防火水槽,034029,,岩手県西磐井郡平泉町平泉字花立110番地3,岩手県,西磐井郡平泉町,平泉字花立,110番地3,,38.9955562479182,141.1130776582150,,1-9
034029,,岩手県西磐井郡平泉町,防火水槽,034029,,岩手県西磐井郡平泉町平泉字花立9番地5,岩手県,西磐井郡平泉町,平泉字花立,9番地5,,38.9950267994068,141.1102015349880,,1-10
034029,,岩手県西磐井郡平泉町,防火水槽,034029,,岩手県西磐井郡平泉町平泉字鈴沢38番地1,岩手県,西磐井郡平泉町,平泉字鈴沢,38番地1,,38.9913810773186,141.1148989790870,,1-11
034029,,岩手県西磐井郡平泉町,防火水槽,034029,,岩手県西磐井郡平泉町平泉字志羅山8番地34,岩手県,西磐井郡平泉町,平泉字志羅山,8番地34,,38.9880635052510,141.1149523410600,,1-12
034029,,岩手県西磐井郡平泉町,防火水槽,034029,,岩手県西磐井郡平泉町平泉字志羅山117番地12,岩手県,西磐井郡平泉町,平泉字志羅山,117番地12,,38.9876268043872,141.1126101042140,,1-13
034029,,岩手県西磐井郡平泉町,防火水槽,034029,,岩手県西磐井郡平泉町平泉字倉町137番地,岩手県,西磐井郡平泉町,平泉字倉町,137番地,,38.9860517163460,141.1113287133660,,1-14
034029,,岩手県西磐井郡平泉町,防火水槽,034029,,岩手県西磐井郡平泉町平泉字志羅山26番地13,岩手県,西磐井郡平泉町,平泉字志羅山,26番地13,,38.9867423232096,141.1147832317470,,1-15
034029,,岩手県西磐井郡平泉町,防火水槽,034029,,岩手県西磐井郡平泉町平泉字志羅山3番地5,岩手県,西磐井郡平泉町,平泉字志羅山,3番地5,,38.9886646388890,141.1163905865060,,1-16
034029,,岩手県西磐井郡平泉町,防火水槽,034029,,岩手県西磐井郡平泉町平泉字鈴沢61番地,岩手県,西磐井郡平泉町,平泉字鈴沢,61番地,,38.9889273818975,141.1144912815350,,1-17
034029,,岩手県西磐井郡平泉町,防火水槽,034029,,岩手県西磐井郡平泉町平泉字泉屋20番地,岩手県,西磐井郡平泉町,平泉字泉屋,20番地,,38.9862096991306,141.1170874066590,,1-18
034029,,岩手県西磐井郡平泉町,防火水槽,034029,,岩手県西磐井郡平泉町平泉字大沢1番地1,岩手県,西磐井郡平泉町,平泉字大沢,1番地1,,38.9908834311963,141.1110674233390,,1-19
034029,,岩手県西磐井郡平泉町,防火水槽,034029,,岩手県西磐井郡平泉町平泉字志羅山56番地9,岩手県,西磐井郡平泉町,平泉字志羅山,56番地9,,38.9861708011101,141.1129035355790,,1-20
034029,,岩手県西磐井郡平泉町,防火水槽,034029,,岩手県西磐井郡平泉町平泉字志羅山127番地6,岩手県,西磐井郡平泉町,平泉字志羅山,127番地6,,38.9894908222076,141.1116911225950,,1-21
034029,,岩手県西磐井郡平泉町,防火水槽,034029,,岩手県西磐井郡平泉町平泉字鈴沢66番地1,岩手県,西磐井郡平泉町,平泉字鈴沢,66番地1,,38.9907255720883,141.1146136607050,,1-23
034029,,岩手県西磐井郡平泉町,防火水槽,034029,,岩手県西磐井郡平泉町平泉字泉屋51番地,岩手県,西磐井郡平泉町,平泉字泉屋,51番地,,38.9870775389954,141.1186472343140,,1-24
034029,,岩手県西磐井郡平泉町,防火水槽,034029,,岩手県西磐井郡平泉町平泉字志羅山34番地,岩手県,西磐井郡平泉町,平泉字志羅山,34番地,,38.9856766935724,141.1157180183780,,1-25
034029,,岩手県西磐井郡平泉町,防火水槽,034029,,岩手県西磐井郡平泉町平泉字瀬原22番地,岩手県,西磐井郡平泉町,平泉字瀬原,22番地,,39.0117840000009,141.1142534484330,,2-1
034029,,岩手県西磐井郡平泉町,防火水槽,034029,,岩手県西磐井郡平泉町平泉字瀬原164番地1,岩手県,西磐井郡平泉町,平泉字瀬原,164番地1,,39.0137648600674,141.1129654869320,,2-2
034029,,岩手県西磐井郡平泉町,防火水槽,034029,,岩手県西磐井郡平泉町平泉字瀬原64番地,岩手県,西磐井郡平泉町,平泉字瀬原,64番地,,39.0133157414322,141.1154415943510,,2-3
034029,,岩手県西磐井郡平泉町,防火水槽,034029,,岩手県西磐井郡平泉町平泉字森下,岩手県,西磐井郡平泉町,平泉字森下,,,39.0164423084427,141.1137849018160,,2-4
034029,,岩手県西磐井郡平泉町,防火水槽,034029,,岩手県西磐井郡平泉町平泉字森下94番地,岩手県,西磐井郡平泉町,平泉字森下,94番地,,39.0170091496537,141.1153513118950,,2-5
034029,,岩手県西磐井郡平泉町,防火水槽,034029,,岩手県西磐井郡平泉町平泉字瀬原142番地,岩手県,西磐井郡平泉町,平泉字瀬原,142番地,,39.0145759163212,141.1105942210000,,2-6
034029,,岩手県西磐井郡平泉町,防火水槽,034029,,岩手県西磐井郡平泉町平泉字上徳沢65番地,岩手県,西磐井郡平泉町,平泉字上徳沢,65番地,,39.0224200350365,141.1090476362540,,2-7
034029,,岩手県西磐井郡平泉町,防火水槽,034029,,岩手県西磐井郡平泉町平泉字上徳沢65番地,岩手県,西磐井郡平泉町,平泉字上徳沢,65番地,,39.0235702872667,141.1071539966340,,2-8
034029,,岩手県西磐井郡平泉町,防火水槽,034029,,岩手県西磐井郡平泉町平泉字森下130番地4,岩手県,西磐井郡平泉町,平泉字森下,130番地4,,39.0171854685600,141.1114407857500,,2-9
034029,,岩手県西磐井郡平泉町,防火水槽,034029,,岩手県西磐井郡平泉町平泉字樋渡45番地2,岩手県,西磐井郡平泉町,平泉字樋渡,45番地2,,38.9814680576572,141.1134484913130,,3-1
034029,,岩手県西磐井郡平泉町,防火水槽,034029,,岩手県西磐井郡平泉町平泉字新井田1番地1,岩手県,西磐井郡平泉町,平泉字新井田,1番地1,,38.9798470347298,141.1161949116320,,3-2
034029,,岩手県西磐井郡平泉町,防火水槽,034029,,岩手県西磐井郡平泉町平泉字高田97番地,岩手県,西磐井郡平泉町,平泉字高田,97番地,,38.9689607413459,141.1199856545500,,3-3
034029,,岩手県西磐井郡平泉町,防火水槽,034029,,岩手県西磐井郡平泉町平泉字祇園13番地2,岩手県,西磐井郡平泉町,平泉字祇園,13番地2,,38.9776737180712,141.1149479110420,,3-4
034029,,岩手県西磐井郡平泉町,防火水槽,034029,,岩手県西磐井郡平泉町平泉字祇園53番地,岩手県,西磐井郡平泉町,平泉字祇園,53番地,,38.9763900010033,141.1167931245330,,3-5
034029,,岩手県西磐井郡平泉町,防火水槽,034029,,岩手県西磐井郡平泉町平泉字佐野82番地,岩手県,西磐井郡平泉町,平泉字佐野,82番地,,38.9708225652260,141.1200454563700,,3-6
034030,,岩手県西磐井郡平泉町,防火水槽,034029,,岩手県西磐井郡平泉町平泉字高田93番地,岩手県,西磐井郡平泉町,平泉字高田,93番地,,38.9692651201762,141.1210772582590,,員数外
034029,,岩手県西磐井郡平泉町,防火水槽,034029,,岩手県西磐井郡平泉町平泉字宿20番地4,岩手県,西磐井郡平泉町,平泉字宿,20番地4,,38.9658561018855,141.1230586177450,,3-8
034029,,岩手県西磐井郡平泉町,防火水槽,034029,,岩手県西磐井郡平泉町平泉字大佐42番地,岩手県,西磐井郡平泉町,平泉字大佐,42番地,,38.9591514299783,141.1276319927420,,3-9
034029,,岩手県西磐井郡平泉町,防火水槽,034029,,岩手県西磐井郡平泉町平泉字正法126番地,岩手県,西磐井郡平泉町,平泉字正法,126番地,,38.9597811086697,141.1260467171970,,3-10
034029,,岩手県西磐井郡平泉町,防火水槽,034029,,岩手県西磐井郡平泉町平泉字正法71番地,岩手県,西磐井郡平泉町,平泉字正法,71番地,,38.9616154236929,141.1250716747860,,3-11
034029,,岩手県西磐井郡平泉町,防火水槽,034029,,岩手県西磐井郡平泉町平泉字大平36番地,岩手県,西磐井郡平泉町,平泉字大平,36番地,,38.9580265186866,141.1159742220870,,3-12
034029,,岩手県西磐井郡平泉町,防火水槽,034029,,岩手県西磐井郡平泉町平泉字宿3番地12,岩手県,西磐井郡平泉町,平泉字宿,3番地12,,38.9638715127511,141.1197778974670,,3-13
034029,,岩手県西磐井郡平泉町,防火水槽,034029,,岩手県西磐井郡平泉町平泉字高田53番地5,岩手県,西磐井郡平泉町,平泉字高田,53番地5,,38.9687365150588,141.1167858937990,,3-14
034029,,岩手県西磐井郡平泉町,防火水槽,034029,,岩手県西磐井郡平泉町平泉字大平47番地1,岩手県,西磐井郡平泉町,平泉字大平,47番地1,,38.9581345309906,141.1141948275680,,3-15
034029,,岩手県西磐井郡平泉町,防火水槽,034029,,岩手県西磐井郡平泉町平泉字高田前112番地,岩手県,西磐井郡平泉町,平泉字高田前,112番地,,38.9671576563023,141.1187935166220,,3-16
034029,,岩手県西磐井郡平泉町,防火水槽,034029,,岩手県西磐井郡平泉町平泉字塩沢132番地16,岩手県,西磐井郡平泉町,平泉字塩沢,132番地16,,38.9646992775668,141.1245304870120,,3-17
034029,,岩手県西磐井郡平泉町,防火水槽,034029,,岩手県西磐井郡平泉町平泉字三日町147番地,岩手県,西磐井郡平泉町,平泉字三日町,147番地,,38.9730979284855,141.1187428066580,,3-18
034029,,岩手県西磐井郡平泉町,防火水槽,034029,,岩手県西磐井郡平泉町平泉字三日町22番地2,岩手県,西磐井郡平泉町,平泉字三日町,22番地2,,38.9782920014951,141.1165206618550,,3-19
034029,,岩手県西磐井郡平泉町,防火水槽,034029,,岩手県西磐井郡平泉町平泉字大佐81番地1,岩手県,西磐井郡平泉町,平泉字大佐,81番地1,,38.9569122689929,141.1247940975500,,3-20
034029,,岩手県西磐井郡平泉町,防火水槽,034029,,岩手県西磐井郡平泉町平泉字毛越126番地,岩手県,西磐井郡平泉町,平泉字毛越,126番地,,38.9818248216121,141.1047029931640,,4-1
034029,,岩手県西磐井郡平泉町,防火水槽,034029,,岩手県西磐井郡平泉町平泉字北沢63番地3,岩手県,西磐井郡平泉町,平泉字北沢,63番地3,,38.9715787744874,141.0580183293900,,4-2
034029,,岩手県西磐井郡平泉町,防火水槽,034029,,岩手県西磐井郡平泉町平泉字上窟22番地,岩手県,西磐井郡平泉町,平泉字上窟,22番地,,38.9673262038091,141.0540172870180,,4-3
034029,,岩手県西磐井郡平泉町,防火水槽,034029,,岩手県西磐井郡平泉町平泉字毛越189番地5,岩手県,西磐井郡平泉町,平泉字毛越,189番地5,,38.9835386347439,141.1051055422820,,4-4
034029,,岩手県西磐井郡平泉町,防火水槽,034029,,岩手県西磐井郡平泉町平泉字善阿弥28番地,岩手県,西磐井郡平泉町,平泉字善阿弥,28番地,,38.9777914220580,141.0940520864590,,4-5
034029,,岩手県西磐井郡平泉町,防火水槽,034029,,岩手県西磐井郡平泉町平泉字西風64番地,岩手県,西磐井郡平泉町,平泉字西風,64番地,,38.9700073568511,141.0839788866720,,4-6
034029,,岩手県西磐井郡平泉町,防火水槽,034029,,岩手県西磐井郡平泉町平泉字毛越38番地7,岩手県,西磐井郡平泉町,平泉字毛越,38番地7,,38.9799206040455,141.1045700844930,,4-7
034029,,岩手県西磐井郡平泉町,防火水槽,034029,,岩手県西磐井郡平泉町平泉字片岡103番地,岩手県,西磐井郡平泉町,平泉字片岡,103番地,,38.9716823513853,141.1100773864590,,4-8
034029,,岩手県西磐井郡平泉町,防火水槽,034029,,岩手県西磐井郡平泉町平泉字小金沢27番地4,岩手県,西磐井郡平泉町,平泉字小金沢,27番地4,,38.9698597287014,141.0999176649930,,4-9
034029,,岩手県西磐井郡平泉町,防火水槽,034029,,岩手県西磐井郡平泉町平泉字八日講168番地,岩手県,西磐井郡平泉町,平泉字八日講,168番地,,38.9758681703964,141.0978828422820,,4-10
034029,,岩手県西磐井郡平泉町,防火水槽,034029,,岩手県西磐井郡平泉町平泉字片岡72番地,岩手県,西磐井郡平泉町,平泉字片岡,72番地,,38.9709950445978,141.1087097950320,,4-11
034029,,岩手県西磐井郡平泉町,防火水槽,034029,,岩手県西磐井郡平泉町平泉字要害122番地1,岩手県,西磐井郡平泉町,平泉字要害,122番地1,,38.9770560190456,141.0880300300340,,4-12
034029,,岩手県西磐井郡平泉町,防火水槽,034029,,岩手県西磐井郡平泉町平泉字山岸102番地,岩手県,西磐井郡平泉町,平泉字山岸,102番地,,38.9755994902300,141.0773517178180,,4-13
034029,,岩手県西磐井郡平泉町,防火水槽,034029,,岩手県西磐井郡平泉町平泉字片岡128番地,岩手県,西磐井郡平泉町,平泉字片岡,128番地,,38.9714090172710,141.1121788858570,,4-14
034029,,岩手県西磐井郡平泉町,防火水槽,034029,,岩手県西磐井郡平泉町平泉字衣関39番地,岩手県,西磐井郡平泉町,平泉字衣関,39番地,,38.9982939842427,141.1081569133720,,5-1
034029,,岩手県西磐井郡平泉町,防火水槽,034029,,岩手県西磐井郡平泉町平泉字衣関222番地10,岩手県,西磐井郡平泉町,平泉字衣関,222番地10,,39.0034090915440,141.1058690588710,,5-2
034029,,岩手県西磐井郡平泉町,防火水槽,034029,,岩手県西磐井郡平泉町平泉字衣関1番地7,岩手県,西磐井郡平泉町,平泉字衣関,1番地7,,38.9963089843468,141.1110364840610,,5-3
034029,,岩手県西磐井郡平泉町,防火水槽,034029,,岩手県西磐井郡平泉町平泉字坂下225番地10,岩手県,西磐井郡平泉町,平泉字坂下,225番地10,,38.9995042446881,141.1110181756950,,5-5
034029,,岩手県西磐井郡平泉町,防火水槽,034029,,岩手県西磐井郡平泉町平泉字坂下39番地27,岩手県,西磐井郡平泉町,平泉字坂下,39番地27,,39.0017660553875,141.1077967340530,,5-6
034029,,岩手県西磐井郡平泉町,防火水槽,034029,,岩手県西磐井郡平泉町平泉字衣関36番地10,岩手県,西磐井郡平泉町,平泉字衣関,36番地10,,38.9977797394596,141.1068731088190,,5-7
034029,,岩手県西磐井郡平泉町,防火水槽,034029,,岩手県西磐井郡平泉町平泉字東郷46番地,岩手県,西磐井郡平泉町,平泉字東郷,46番地,,39.0011345980340,141.0853083925630,,6-1
034029,,岩手県西磐井郡平泉町,防火水槽,034029,,岩手県西磐井郡平泉町平泉字東郷91番地,岩手県,西磐井郡平泉町,平泉字東郷,91番地,,39.0010266344969,141.0818626134480,,6-2
034029,,岩手県西磐井郡平泉町,防火水槽,034029,,岩手県西磐井郡平泉町平泉字南沢158番地,岩手県,西磐井郡平泉町,平泉字南沢,158番地,,38.9852560469676,141.0649564496740,,6-3
034029,,岩手県西磐井郡平泉町,防火水槽,034029,,岩手県西磐井郡平泉町平泉字広滝22番地,岩手県,西磐井郡平泉町,平泉字広滝,22番地,,38.9975725653541,141.0676951705610,,6-4
034029,,岩手県西磐井郡平泉町,防火水槽,034029,,岩手県西磐井郡平泉町平泉字西郷37番地2,岩手県,西磐井郡平泉町,平泉字西郷,37番地2,,39.0017662086038,141.0761660888670,,6-5
034029,,岩手県西磐井郡平泉町,防火水槽,034029,,岩手県西磐井郡平泉町平泉字長倉44番地,岩手県,西磐井郡平泉町,平泉字長倉,44番地,,38.9833620374943,141.0455625650950,,6-6
034029,,岩手県西磐井郡平泉町,防火水槽,034029,,岩手県西磐井郡平泉町長島字境田24番地,岩手県,西磐井郡平泉町,長島字境田,24番地,,38.9920392620820,141.1385889698510,,7-2
034029,,岩手県西磐井郡平泉町,防火水槽,034029,,岩手県西磐井郡平泉町長島字生江田,岩手県,西磐井郡平泉町,長島字生江田,,,38.9992658704835,141.1388567461850,,7-3
034029,,岩手県西磐井郡平泉町,防火水槽,034029,,岩手県西磐井郡平泉町長島字砂子沢172番地6,岩手県,西磐井郡平泉町,長島字砂子沢,172番地6,,38.9958795591163,141.1443817841670,,7-4
034029,,岩手県西磐井郡平泉町,防火水槽,034029,,岩手県西磐井郡平泉町長島字砂子沢106番地,岩手県,西磐井郡平泉町,長島字砂子沢,106番地,,38.9982879845728,141.1490345397410,,7-5
034029,,岩手県西磐井郡平泉町,防火水槽,034029,,岩手県西磐井郡平泉町長島字俄坂21番地1,岩手県,西磐井郡平泉町,長島字俄坂,21番地1,,38.9989750266127,141.1552576472250,,7-6
034029,,岩手県西磐井郡平泉町,防火水槽,034029,,岩手県西磐井郡平泉町長島字深山95番地363,岩手県,西磐井郡平泉町,長島字深山,95番地363,,39.0110620324715,141.1711911742700,,7-7
034029,,岩手県西磐井郡平泉町,防火水槽,034029,,岩手県西磐井郡平泉町長島字深山6番地3,岩手県,西磐井郡平泉町,長島字深山,6番地3,,39.0024353354399,141.1583595535310,,7-8
034029,,岩手県西磐井郡平泉町,防火水槽,034029,,岩手県西磐井郡平泉町長島字束稲40番地,岩手県,西磐井郡平泉町,長島字束稲,40番地,,39.0017714805308,141.1718048331290,,7-9
034029,,岩手県西磐井郡平泉町,防火水槽,034029,,岩手県西磐井郡平泉町長島字杉64番地,岩手県,西磐井郡平泉町,長島字杉,64番地,,38.9893263753678,141.1417505686050,,7-10
034029,,岩手県西磐井郡平泉町,防火水槽,034029,,岩手県西磐井郡平泉町長島字舘岡18番地,岩手県,西磐井郡平泉町,長島字舘岡,18番地,,38.9871329901466,141.1410051330440,,7-11
034029,,岩手県西磐井郡平泉町,防火水槽,034029,,岩手県西磐井郡平泉町長島字半行16番地,岩手県,西磐井郡平泉町,長島字半行,16番地,,38.9976346052502,141.1586719797550,,7-12
034029,,岩手県西磐井郡平泉町,防火水槽,034029,,岩手県西磐井郡平泉町長島字砂子沢181番地1,岩手県,西磐井郡平泉町,長島字砂子沢,181番地1,,38.9967309884472,141.1459612901130,,7-13
034029,,岩手県西磐井郡平泉町,防火水槽,034029,,岩手県西磐井郡平泉町長島字山田,岩手県,西磐井郡平泉町,長島字山田,,,39.0063058266099,141.1538628985050,,7-14
034029,,岩手県西磐井郡平泉町,防火水槽,034029,,岩手県西磐井郡平泉町長島字石合33番地,岩手県,西磐井郡平泉町,長島字石合,33番地,,38.9996720030231,141.1479196940030,,7-15
034029,,岩手県西磐井郡平泉町,防火水槽,034029,,岩手県西磐井郡平泉町長島字山王102番地1,岩手県,西磐井郡平泉町,長島字山王,102番地1,,38.9887343918257,141.1466257175380,,8-1
034029,,岩手県西磐井郡平泉町,防火水槽,034029,,岩手県西磐井郡平泉町長島字古舘44番地,岩手県,西磐井郡平泉町,長島字古舘,44番地,,38.9844495078748,141.1453913416380,,8-2
034029,,岩手県西磐井郡平泉町,防火水槽,034029,,岩手県西磐井郡平泉町長島字佐野35番地,岩手県,西磐井郡平泉町,長島字佐野,35番地,,38.9825145928076,141.1493527161760,,8-3
034029,,岩手県西磐井郡平泉町,防火水槽,034029,,岩手県西磐井郡平泉町長島字赤伏前27番地,岩手県,西磐井郡平泉町,長島字赤伏前,27番地,,38.9846892538888,141.1511809502330,,8-4
034029,,岩手県西磐井郡平泉町,防火水槽,034029,,岩手県西磐井郡平泉町長島字下長根34番地,岩手県,西磐井郡平泉町,長島字下長根,34番地,,38.9802805495705,141.1541369232450,,8-5
034029,,岩手県西磐井郡平泉町,防火水槽,034029,,岩手県西磐井郡平泉町長島字小戸24番地3,岩手県,西磐井郡平泉町,長島字小戸,24番地3,,38.9864886328587,141.1538602784650,,8-6
034029,,岩手県西磐井郡平泉町,防火水槽,034029,,岩手県西磐井郡平泉町長島字遠代田48番地,岩手県,西磐井郡平泉町,長島字遠代田,48番地,,38.9954449895612,141.1655436761890,,8-7
034029,,岩手県西磐井郡平泉町,防火水槽,034029,,岩手県西磐井郡平泉町長島字八森34番地2,岩手県,西磐井郡平泉町,長島字八森,34番地2,,38.9916392187365,141.1585879558190,,8-8
034029,,岩手県西磐井郡平泉町,防火水槽,034029,,岩手県西磐井郡平泉町長島字白山3番地,岩手県,西磐井郡平泉町,長島字白山,3番地,,38.9844898726132,141.1497525931480,,8-9
034029,,岩手県西磐井郡平泉町,防火水槽,034029,,岩手県西磐井郡平泉町長島字東岳26番地,岩手県,西磐井郡平泉町,長島字東岳,26番地,,38.9920191815229,141.1694248201940,,8-10
034029,,岩手県西磐井郡平泉町,防火水槽,034029,,岩手県西磐井郡平泉町長島字須崎52番地,岩手県,西磐井郡平泉町,長島字須崎,52番地,,38.9810379483734,141.1501248012050,,8-11
034029,,岩手県西磐井郡平泉町,防火水槽,034029,,岩手県西磐井郡平泉町長島字平石沢39番地,岩手県,西磐井郡平泉町,長島字平石沢,39番地,,38.9901120980822,141.1495552404350,,8-12
034029,,岩手県西磐井郡平泉町,防火水槽,034029,,岩手県西磐井郡平泉町長島字山谷49番地,岩手県,西磐井郡平泉町,長島字山谷,49番地,,38.9900254432889,141.1528754753730,,8-13
034029,,岩手県西磐井郡平泉町,防火水槽,034029,,岩手県西磐井郡平泉町長島字中村,岩手県,西磐井郡平泉町,長島字中村,,,38.9934041346765,141.1664314872900,,8-14
034029,,岩手県西磐井郡平泉町,防火水槽,034029,,岩手県西磐井郡平泉町長島字八森52番地,岩手県,西磐井郡平泉町,長島字八森,52番地,,38.9928269209445,141.1571148821200,,8-15
034029,,岩手県西磐井郡平泉町,防火水槽,034029,,岩手県西磐井郡平泉町長島字白山18番地4,岩手県,西磐井郡平泉町,長島字白山,18番地4,,38.9861410243317,141.1483687061740,,8-16
034029,,岩手県西磐井郡平泉町,防火水槽,034029,,岩手県西磐井郡平泉町長島字平石沢66番地1,岩手県,西磐井郡平泉町,長島字平石沢,66番地1,,38.9922806629539,141.1540220313140,,8-17
034029,,岩手県西磐井郡平泉町,防火水槽,034029,,岩手県西磐井郡平泉町長島字生江田2番地,岩手県,西磐井郡平泉町,長島字生江田,2番地,,38.9996652098913,141.1350070539080,,9-1
034029,,岩手県西磐井郡平泉町,防火水槽,034029,,岩手県西磐井郡平泉町長島字生江田26番地1,岩手県,西磐井郡平泉町,長島字生江田,26番地1,,39.0011647554319,141.1359926846120,,9-2
034029,,岩手県西磐井郡平泉町,防火水槽,034029,,岩手県西磐井郡平泉町長島字竜ケ坂34番地,岩手県,西磐井郡平泉町,長島字竜ケ坂,34番地,,39.0028990189078,141.1365147471580,,9-3
034029,,岩手県西磐井郡平泉町,防火水槽,034029,,岩手県西磐井郡平泉町長島字竜ケ坂57番地,岩手県,西磐井郡平泉町,長島字竜ケ坂,57番地,,39.0044779359145,141.1365565293810,,9-4
034029,,岩手県西磐井郡平泉町,防火水槽,034029,,岩手県西磐井郡平泉町長島字竜ケ坂21番地1,岩手県,西磐井郡平泉町,長島字竜ケ坂,21番地1,,39.0024873970773,141.1404182072600,,9-5
034029,,岩手県西磐井郡平泉町,防火水槽,034029,,岩手県西磐井郡平泉町長島字滝の沢105番地,岩手県,西磐井郡平泉町,長島字滝の沢,105番地,,39.0068093281812,141.1417681550920,,9-6
034029,,岩手県西磐井郡平泉町,防火水槽,034029,,岩手県西磐井郡平泉町長島字滝の沢185番地2,岩手県,西磐井郡平泉町,長島字滝の沢,185番地2,,39.0089948931985,141.1395494549630,,9-7
034029,,岩手県西磐井郡平泉町,防火水槽,034029,,岩手県西磐井郡平泉町長島字月舘85番地2,岩手県,西磐井郡平泉町,長島字月舘,85番地2,,39.0161460662923,141.1386666909160,,9-8
034029,,岩手県西磐井郡平泉町,防火水槽,034029,,岩手県西磐井郡平泉町長島字竜ケ坂132番地,岩手県,西磐井郡平泉町,長島字竜ケ坂,132番地,,39.0050766891324,141.1463862454200,,9-9
034029,,岩手県西磐井郡平泉町,防火水槽,034029,,岩手県西磐井郡平泉町長島字二反田21番地,岩手県,西磐井郡平泉町,長島字二反田,21番地,,39.0120326539604,141.1367082012010,,9-10
034029,,岩手県西磐井郡平泉町,防火水槽,034029,,岩手県西磐井郡平泉町長島字生江田54番地1,岩手県,西磐井郡平泉町,長島字生江田,54番地1,,39.0012101463965,141.1390557538670,,9-11
034029,,岩手県西磐井郡平泉町,防火水槽,034029,,岩手県西磐井郡平泉町長島字二反田120番地,岩手県,西磐井郡平泉町,長島字二反田,120番地,,39.0100857081961,141.1371510675390,,9-12
034029,,岩手県西磐井郡平泉町,防火水槽,034029,,岩手県西磐井郡平泉町長島字滝の沢46番地,岩手県,西磐井郡平泉町,長島字滝の沢,46番地,,39.0062306945995,141.1382235944320,,9-13
034029,,岩手県西磐井郡平泉町,防火水槽,034029,,岩手県西磐井郡平泉町平泉字衣関中尊寺内,岩手県,西磐井郡平泉町,平泉字衣関,中尊寺内,,39.0000151582040,141.1051181760940,,中-1
034029,,岩手県西磐井郡平泉町,防火水槽,034029,,岩手県西磐井郡平泉町平泉字衣関中尊寺内,岩手県,西磐井郡平泉町,平泉字衣関,中尊寺内,,39.0018494657841,141.0996169653720,,中-2
034029,,岩手県西磐井郡平泉町,防火水槽,034029,,岩手県西磐井郡平泉町平泉字衣関中尊寺内,岩手県,西磐井郡平泉町,平泉字衣関,中尊寺内,,38.9992084647161,141.0908059086770,,中-3
034029,,岩手県西磐井郡平泉町,防火水槽,034029,,岩手県西磐井郡平泉町平泉字衣関中尊寺内,岩手県,西磐井郡平泉町,平泉字衣関,中尊寺内,,39.0043673923744,141.0942096319710,,中-4
034029,,岩手県西磐井郡平泉町,防火水槽,034029,,岩手県西磐井郡平泉町平泉字衣関中尊寺内,岩手県,西磐井郡平泉町,平泉字衣関,中尊寺内,,39.0018974072755,141.1001829114920,,員数外
